Filename,Paths
addinutil.exe,C:\Windows\Microsoft.NET\Framework\v4.0.30319\AddinUtil.exe
addinutil.exe,C:\Windows\Microsoft.NET\Framework64\v4.0.30319\AddinUtil.exe
addinutil.exe,C:\Windows\Microsoft.NET\Framework\v3.5\AddInUtil.exe
addinutil.exe,C:\Windows\Microsoft.NET\Framework64\v3.5\AddInUtil.exe
appinstaller.exe,C:\Program Files\WindowsApps\Microsoft.DesktopAppInstaller_1.11.2521.0_x64__8wekyb3d8bbwe\AppInstaller.exe
aspnet_compiler.exe,C:\Windows\Microsoft.NET\Framework\v4.0.30319\aspnet_compiler.exe
aspnet_compiler.exe,C:\Windows\Microsoft.NET\Framework64\v4.0.30319\aspnet_compiler.exe
at.exe,C:\WINDOWS\System32\At.exe
at.exe,C:\WINDOWS\SysWOW64\At.exe
atbroker.exe,C:\Windows\System32\Atbroker.exe
atbroker.exe,C:\Windows\SysWOW64\Atbroker.exe
bash.exe,C:\Windows\System32\bash.exe
bash.exe,C:\Windows\SysWOW64\bash.exe
bitsadmin.exe,C:\Windows\System32\bitsadmin.exe
bitsadmin.exe,C:\Windows\SysWOW64\bitsadmin.exe
certoc.exe,C:\windows\system32\certoc.exe
certoc.exe,C:\windows\syswow64\certoc.exe
certreq.exe,C:\Windows\System32\certreq.exe
certreq.exe,C:\Windows\SysWOW64\certreq.exe
certutil.exe,C:\Windows\System32\certutil.exe
certutil.exe,C:\Windows\SysWOW64\certutil.exe
cipher.exe,C:\windows\system32\cipher.exe
cipher.exe,C:\windows\syswow64\cipher.exe
cmd.exe,C:\Windows\System32\cmd.exe
cmd.exe,C:\Windows\SysWOW64\cmd.exe
cmdkey.exe,C:\Windows\System32\cmdkey.exe
cmdkey.exe,C:\Windows\SysWOW64\cmdkey.exe
cmdl32.exe,C:\Windows\System32\cmdl32.exe
cmdl32.exe,C:\Windows\SysWOW64\cmdl32.exe
cmstp.exe,C:\Windows\System32\cmstp.exe
cmstp.exe,C:\Windows\SysWOW64\cmstp.exe
colorcpl.exe,C:\Windows\System32\colorcpl.exe
colorcpl.exe,C:\Windows\SysWOW64\colorcpl.exe
computerdefaults.exe,C:\Windows\System32\ComputerDefaults.exe
computerdefaults.exe,C:\Windows\SysWOW64\ComputerDefaults.exe
configsecuritypolicy.exe,C:\ProgramData\Microsoft\Windows Defender\Platform\4.18.2008.9-0\ConfigSecurityPolicy.exe
configsecuritypolicy.exe,C:\Program Files\Windows Defender\ConfigSecurityPolicy.exe
configsecuritypolicy.exe,C:\ProgramData\Microsoft\Windows Defender\Platform\.*\ConfigSecurityPolicy.exe
conhost.exe,C:\windows\system32\conhost.exe
control.exe,C:\Windows\System32\control.exe
control.exe,C:\Windows\SysWOW64\control.exe
csc.exe,C:\Windows\Microsoft.NET\Framework\v4.0.30319\Csc.exe
csc.exe,C:\Windows\Microsoft.NET\Framework64\v4.0.30319\Csc.exe
csc.exe,C:\Windows\Microsoft.NET\Framework\v3.5\csc.exe
csc.exe,C:\Windows\Microsoft.NET\Framework64\v3.5\csc.exe
csc.exe,C:\Windows\Microsoft.NET\Framework\v2.0.50727\csc.exe
csc.exe,C:\Windows\Microsoft.NET\Framework64\v2.0.50727\csc.exe
cscript.exe,C:\Windows\System32\cscript.exe
cscript.exe,C:\Windows\SysWOW64\cscript.exe
customshellhost.exe,C:\Windows\System32\CustomShellHost.exe
datasvcutil.exe,C:\Windows\Microsoft.NET\Framework64\v3.5\DataSvcUtil.exe
desktopimgdownldr.exe,C:\windows\system32\desktopimgdownldr.exe
devicecredentialdeployment.exe,C:\Windows\System32\DeviceCredentialDeployment.exe
dfsvc.exe,C:\Windows\Microsoft.NET\Framework\v2.0.50727\Dfsvc.exe
dfsvc.exe,C:\Windows\Microsoft.NET\Framework64\v2.0.50727\Dfsvc.exe
dfsvc.exe,C:\Windows\Microsoft.NET\Framework\v4.0.30319\Dfsvc.exe
dfsvc.exe,C:\Windows\Microsoft.NET\Framework64\v4.0.30319\Dfsvc.exe
diantz.exe,C:\windows\system32\diantz.exe
diantz.exe,C:\windows\syswow64\diantz.exe
diskshadow.exe,C:\Windows\System32\diskshadow.exe
diskshadow.exe,C:\Windows\SysWOW64\diskshadow.exe
dnscmd.exe,C:\Windows\System32\Dnscmd.exe
dnscmd.exe,C:\Windows\SysWOW64\Dnscmd.exe
esentutl.exe,C:\Windows\System32\esentutl.exe
esentutl.exe,C:\Windows\SysWOW64\esentutl.exe
eventvwr.exe,C:\Windows\System32\eventvwr.exe
eventvwr.exe,C:\Windows\SysWOW64\eventvwr.exe
expand.exe,C:\Windows\System32\Expand.exe
expand.exe,C:\Windows\SysWOW64\Expand.exe
explorer.exe,C:\Windows\explorer.exe
explorer.exe,C:\Windows\SysWOW64\explorer.exe
extexport.exe,C:\Program Files\Internet Explorer\Extexport.exe
extexport.exe,C:\Program Files (x86)\Internet Explorer\Extexport.exe
extrac32.exe,C:\Windows\System32\extrac32.exe
extrac32.exe,C:\Windows\SysWOW64\extrac32.exe
findstr.exe,C:\Windows\System32\findstr.exe
findstr.exe,C:\Windows\SysWOW64\findstr.exe
finger.exe,C:\windows\system32\finger.exe
finger.exe,C:\windows\syswow64\finger.exe
fltmc.exe,C:\Windows\System32\fltMC.exe
forfiles.exe,C:\Windows\System32\forfiles.exe
forfiles.exe,C:\Windows\SysWOW64\forfiles.exe
forfiles.exe,C:\Windows\System32\forfiles.exe
forfiles.exe,C:\Windows\SysWOW64\forfiles.exe
fsutil.exe,C:\Windows\System32\fsutil.exe
fsutil.exe,C:\Windows\SysWOW64\fsutil.exe
fsutil.exe,C:\Windows\System32\fsutil.exe
fsutil.exe,C:\Windows\SysWOW64\fsutil.exe
fsutil.exe,C:\Windows\System32\fsutil.exe
fsutil.exe,C:\Windows\SysWOW64\fsutil.exe
ftp.exe,C:\Windows\System32\ftp.exe
ftp.exe,C:\Windows\SysWOW64\ftp.exe
ftp.exe,C:\Windows\System32\ftp.exe
ftp.exe,C:\Windows\SysWOW64\ftp.exe
gpscript.exe,C:\Windows\System32\gpscript.exe
gpscript.exe,C:\Windows\SysWOW64\gpscript.exe
gpscript.exe,C:\Windows\System32\gpscript.exe
gpscript.exe,C:\Windows\SysWOW64\gpscript.exe
hh.exe,C:\Windows\hh.exe
hh.exe,C:\Windows\SysWOW64\hh.exe
hh.exe,C:\Windows\hh.exe
hh.exe,C:\Windows\SysWOW64\hh.exe
hh.exe,C:\Windows\hh.exe
hh.exe,C:\Windows\SysWOW64\hh.exe
imewdbld.exe,C:\Windows\System32\IME\SHARED\IMEWDBLD.exe
ie4uinit.exe,C:\windows\system32\ie4uinit.exe
ie4uinit.exe,C:\windows\sysWOW64\ie4uinit.exe
ie4uinit.exe,C:\windows\system32\ieuinit.inf
ie4uinit.exe,C:\windows\sysWOW64\ieuinit.inf
iediagcmd.exe,C:\Program Files\Internet Explorer\iediagcmd.exe
ieexec.exe,C:\Windows\Microsoft.NET\Framework\v2.0.50727\ieexec.exe
ieexec.exe,C:\Windows\Microsoft.NET\Framework64\v2.0.50727\ieexec.exe
ieexec.exe,C:\Windows\Microsoft.NET\Framework\v2.0.50727\ieexec.exe
ieexec.exe,C:\Windows\Microsoft.NET\Framework64\v2.0.50727\ieexec.exe
ilasm.exe,C:\Windows\Microsoft.NET\Framework\v4.0.30319\ilasm.exe
ilasm.exe,C:\Windows\Microsoft.NET\Framework64\v4.0.30319\ilasm.exe
ilasm.exe,C:\Windows\Microsoft.NET\Framework\v4.0.30319\ilasm.exe
ilasm.exe,C:\Windows\Microsoft.NET\Framework64\v4.0.30319\ilasm.exe
infdefaultinstall.exe,C:\Windows\System32\Infdefaultinstall.exe
infdefaultinstall.exe,C:\Windows\SysWOW64\Infdefaultinstall.exe
installutil.exe,C:\Windows\Microsoft.NET\Framework\v2.0.50727\InstallUtil.exe
installutil.exe,C:\Windows\Microsoft.NET\Framework64\v2.0.50727\InstallUtil.exe
installutil.exe,C:\Windows\Microsoft.NET\Framework\v4.0.30319\InstallUtil.exe
installutil.exe,C:\Windows\Microsoft.NET\Framework64\v4.0.30319\InstallUtil.exe
installutil.exe,C:\Windows\Microsoft.NET\Framework\v2.0.50727\InstallUtil.exe
installutil.exe,C:\Windows\Microsoft.NET\Framework64\v2.0.50727\InstallUtil.exe
installutil.exe,C:\Windows\Microsoft.NET\Framework\v4.0.30319\InstallUtil.exe
installutil.exe,C:\Windows\Microsoft.NET\Framework64\v4.0.30319\InstallUtil.exe
installutil.exe,C:\Windows\Microsoft.NET\Framework\v2.0.50727\InstallUtil.exe
installutil.exe,C:\Windows\Microsoft.NET\Framework64\v2.0.50727\InstallUtil.exe
installutil.exe,C:\Windows\Microsoft.NET\Framework\v4.0.30319\InstallUtil.exe
installutil.exe,C:\Windows\Microsoft.NET\Framework64\v4.0.30319\InstallUtil.exe
jsc.exe,C:\Windows\Microsoft.NET\Framework\v4.0.30319\Jsc.exe
jsc.exe,C:\Windows\Microsoft.NET\Framework64\v4.0.30319\Jsc.exe
jsc.exe,C:\Windows\Microsoft.NET\Framework\v2.0.50727\Jsc.exe
jsc.exe,C:\Windows\Microsoft.NET\Framework64\v2.0.50727\Jsc.exe
jsc.exe,C:\Windows\Microsoft.NET\Framework\v4.0.30319\Jsc.exe
jsc.exe,C:\Windows\Microsoft.NET\Framework64\v4.0.30319\Jsc.exe
jsc.exe,C:\Windows\Microsoft.NET\Framework\v2.0.50727\Jsc.exe
jsc.exe,C:\Windows\Microsoft.NET\Framework64\v2.0.50727\Jsc.exe
ldifde.exe,C:\windows\system32\ldifde.exe
ldifde.exe,C:\windows\syswow64\ldifde.exe
makecab.exe,C:\Windows\System32\makecab.exe
makecab.exe,C:\Windows\SysWOW64\makecab.exe
mavinject.exe,C:\Windows\System32\mavinject.exe
mavinject.exe,C:\Windows\SysWOW64\mavinject.exe
microsoft.workflow.compiler.exe,C:\Windows\Microsoft.Net\Framework64\v4.0.30319\Microsoft.Workflow.Compiler.exe
microsoft.workflow.compiler.exe,C:\Windows\Microsoft.Net\Framework64\v4.0.30319\Microsoft.Workflow.Compiler.exe
microsoft.workflow.compiler.exe,C:\Windows\Microsoft.Net\Framework64\v4.0.30319\Microsoft.Workflow.Compiler.exe
mmc.exe,C:\Windows\System32\mmc.exe
mmc.exe,C:\Windows\SysWOW64\mmc.exe
mpcmdrun.exe,C:\ProgramData\Microsoft\Windows Defender\Platform\.*\MpCmdRun.exe
mpcmdrun.exe,C:\ProgramData\Microsoft\Windows Defender\Platform\4.18.2008.4-0\MpCmdRun.exe
mpcmdrun.exe,C:\ProgramData\Microsoft\Windows Defender\Platform\4.18.2008.7-0\MpCmdRun.exe
mpcmdrun.exe,C:\ProgramData\Microsoft\Windows Defender\Platform\4.18.2008.9-0\MpCmdRun.exe
mpcmdrun.exe,C:\Program Files\Windows Defender\MpCmdRun.exe
mpcmdrun.exe,C:\Program Files (x86)\Windows Defender\MpCmdRun.exe
mpcmdrun.exe,C:\ProgramData\Microsoft\Windows Defender\Platform\4.18.23110.3-0\X86\MpCmdRun.exe
mpcmdrun.exe,C:\ProgramData\Microsoft\Windows Defender\Platform\4.18.2008.4-0\MpCmdRun.exe
mpcmdrun.exe,C:\ProgramData\Microsoft\Windows Defender\Platform\4.18.2008.7-0\MpCmdRun.exe
mpcmdrun.exe,C:\ProgramData\Microsoft\Windows Defender\Platform\4.18.2008.9-0\MpCmdRun.exe
mpcmdrun.exe,C:\Program Files\Windows Defender\MpCmdRun.exe
mpcmdrun.exe,C:\Program Files (x86)\Windows Defender\MpCmdRun.exe
mpcmdrun.exe,C:\ProgramData\Microsoft\Windows Defender\Platform\4.18.23110.3-0\X86\MpCmdRun.exe
mpcmdrun.exe,C:\ProgramData\Microsoft\Windows Defender\Platform\4.18.2008.4-0\MpCmdRun.exe
mpcmdrun.exe,C:\ProgramData\Microsoft\Windows Defender\Platform\4.18.2008.7-0\MpCmdRun.exe
mpcmdrun.exe,C:\ProgramData\Microsoft\Windows Defender\Platform\4.18.2008.9-0\MpCmdRun.exe
mpcmdrun.exe,C:\Program Files\Windows Defender\MpCmdRun.exe
mpcmdrun.exe,C:\Program Files (x86)\Windows Defender\MpCmdRun.exe
mpcmdrun.exe,C:\ProgramData\Microsoft\Windows Defender\Platform\4.18.23110.3-0\X86\MpCmdRun.exe
msbuild.exe,C:\Windows\Microsoft.NET\Framework\v2.0.50727\Msbuild.exe
msbuild.exe,C:\Windows\Microsoft.NET\Framework64\v2.0.50727\Msbuild.exe
msbuild.exe,C:\Windows\Microsoft.NET\Framework\v3.5\Msbuild.exe
msbuild.exe,C:\Windows\Microsoft.NET\Framework64\v3.5\Msbuild.exe
msbuild.exe,C:\Windows\Microsoft.NET\Framework\v4.0.30319\Msbuild.exe
msbuild.exe,C:\Windows\Microsoft.NET\Framework64\v4.0.30319\Msbuild.exe
msbuild.exe,C:\Program Files (x86)\MSBuild\14.0\bin\MSBuild.exe
msbuild.exe,C:\Windows\Microsoft.NET\Framework\v2.0.50727\Msbuild.exe
msbuild.exe,C:\Windows\Microsoft.NET\Framework64\v2.0.50727\Msbuild.exe
msbuild.exe,C:\Windows\Microsoft.NET\Framework\v3.5\Msbuild.exe
msbuild.exe,C:\Windows\Microsoft.NET\Framework64\v3.5\Msbuild.exe
msbuild.exe,C:\Windows\Microsoft.NET\Framework\v4.0.30319\Msbuild.exe
msbuild.exe,C:\Windows\Microsoft.NET\Framework64\v4.0.30319\Msbuild.exe
msbuild.exe,C:\Program Files (x86)\MSBuild\14.0\bin\MSBuild.exe
msbuild.exe,C:\Windows\Microsoft.NET\Framework\v2.0.50727\Msbuild.exe
msbuild.exe,C:\Windows\Microsoft.NET\Framework64\v2.0.50727\Msbuild.exe
msbuild.exe,C:\Windows\Microsoft.NET\Framework\v3.5\Msbuild.exe
msbuild.exe,C:\Windows\Microsoft.NET\Framework64\v3.5\Msbuild.exe
msbuild.exe,C:\Windows\Microsoft.NET\Framework\v4.0.30319\Msbuild.exe
msbuild.exe,C:\Windows\Microsoft.NET\Framework64\v4.0.30319\Msbuild.exe
msbuild.exe,C:\Program Files (x86)\MSBuild\14.0\bin\MSBuild.exe
msbuild.exe,C:\Windows\Microsoft.NET\Framework\v2.0.50727\Msbuild.exe
msbuild.exe,C:\Windows\Microsoft.NET\Framework64\v2.0.50727\Msbuild.exe
msbuild.exe,C:\Windows\Microsoft.NET\Framework\v3.5\Msbuild.exe
msbuild.exe,C:\Windows\Microsoft.NET\Framework64\v3.5\Msbuild.exe
msbuild.exe,C:\Windows\Microsoft.NET\Framework\v4.0.30319\Msbuild.exe
msbuild.exe,C:\Windows\Microsoft.NET\Framework64\v4.0.30319\Msbuild.exe
msbuild.exe,C:\Program Files (x86)\MSBuild\14.0\bin\MSBuild.exe
msbuild.exe,C:\Windows\Microsoft.NET\Framework\v2.0.50727\Msbuild.exe
msbuild.exe,C:\Windows\Microsoft.NET\Framework64\v2.0.50727\Msbuild.exe
msbuild.exe,C:\Windows\Microsoft.NET\Framework\v3.5\Msbuild.exe
msbuild.exe,C:\Windows\Microsoft.NET\Framework64\v3.5\Msbuild.exe
msbuild.exe,C:\Windows\Microsoft.NET\Framework\v4.0.30319\Msbuild.exe
msbuild.exe,C:\Windows\Microsoft.NET\Framework64\v4.0.30319\Msbuild.exe
msbuild.exe,C:\Program Files (x86)\MSBuild\14.0\bin\MSBuild.exe
msconfig.exe,C:\Windows\System32\msconfig.exe
msdt.exe,C:\Windows\System32\Msdt.exe
msdt.exe,C:\Windows\SysWOW64\Msdt.exe
msdt.exe,C:\Windows\System32\Msdt.exe
msdt.exe,C:\Windows\SysWOW64\Msdt.exe
msdt.exe,C:\Windows\System32\Msdt.exe
msdt.exe,C:\Windows\SysWOW64\Msdt.exe
msedge.exe,C:\Program Files\Microsoft\Edge\Application\msedge.exe
msedge.exe,C:\Program Files (x86)\Microsoft\Edge\Application\msedge.exe
msedge.exe,C:\Program Files\Microsoft\Edge\Application\msedge.exe
msedge.exe,C:\Program Files (x86)\Microsoft\Edge\Application\msedge.exe
msedge.exe,C:\Program Files\Microsoft\Edge\Application\msedge.exe
msedge.exe,C:\Program Files (x86)\Microsoft\Edge\Application\msedge.exe
mshta.exe,C:\Windows\System32\mshta.exe
mshta.exe,C:\Windows\SysWOW64\mshta.exe
msiexec.exe,C:\Windows\System32\msiexec.exe
msiexec.exe,C:\Windows\SysWOW64\msiexec.exe
netsh.exe,C:\WINDOWS\System32\Netsh.exe
netsh.exe,C:\WINDOWS\SysWOW64\Netsh.exe
ngen.exe,C:\Windows\Microsoft.NET\Framework\v2.0.50727\ngen.exe
ngen.exe,C:\Windows\Microsoft.NET\Framework64\v2.0.50727\ngen.exe
ngen.exe,C:\Windows\Microsoft.NET\Framework\v4.0.30319\ngen.exe
ngen.exe,C:\Windows\Microsoft.NET\Framework64\v4.0.30319\ngen.exe
odbcconf.exe,C:\Windows\System32\odbcconf.exe
odbcconf.exe,C:\Windows\SysWOW64\odbcconf.exe
odbcconf.exe,C:\Windows\System32\odbcconf.exe
odbcconf.exe,C:\Windows\SysWOW64\odbcconf.exe
odbcconf.exe,C:\Windows\System32\odbcconf.exe
odbcconf.exe,C:\Windows\SysWOW64\odbcconf.exe
offlinescannershell.exe,C:\Program Files\Windows Defender\Offline\OfflineScannerShell.exe
onedrivestandaloneupdater.exe,C:\Users\.*\AppData\Local\Microsoft\OneDrive\OneDriveStandaloneUpdater.exe
onedrivestandaloneupdater.exe,C:\Program Files\Microsoft OneDrive\OneDriveStandaloneUpdater.exe
onedrivestandaloneupdater.exe,C:\Program Files (x86)\Microsoft OneDrive\OneDriveStandaloneUpdater.exe
pcalua.exe,C:\Windows\System32\pcalua.exe
pcalua.exe,C:\Windows\System32\pcalua.exe
pcalua.exe,C:\Windows\System32\pcalua.exe
pcwrun.exe,C:\Windows\System32\pcwrun.exe
pcwrun.exe,C:\Windows\System32\pcwrun.exe
pktmon.exe,C:\windows\system32\pktmon.exe
pktmon.exe,C:\windows\syswow64\pktmon.exe
pktmon.exe,C:\windows\system32\pktmon.exe
pktmon.exe,C:\windows\syswow64\pktmon.exe
pnputil.exe,C:\Windows\system32\pnputil.exe
presentationhost.exe,C:\Windows\System32\Presentationhost.exe
presentationhost.exe,C:\Windows\SysWOW64\Presentationhost.exe
presentationhost.exe,C:\Windows\System32\Presentationhost.exe
presentationhost.exe,C:\Windows\SysWOW64\Presentationhost.exe
print.exe,C:\Windows\System32\print.exe
print.exe,C:\Windows\SysWOW64\print.exe
print.exe,C:\Windows\System32\print.exe
print.exe,C:\Windows\SysWOW64\print.exe
print.exe,C:\Windows\System32\print.exe
print.exe,C:\Windows\SysWOW64\print.exe
printbrm.exe,C:\Windows\System32\spool\tools\PrintBrm.exe
printbrm.exe,C:\Windows\System32\spool\tools\PrintBrm.exe
provlaunch.exe,C:\windows\system32\provlaunch.exe
psr.exe,C:\windows\system32\psr.exe
psr.exe,C:\windows\syswow64\psr.exe
rasautou.exe,C:\Windows\System32\rasautou.exe
rdrleakdiag.exe,C:\windows\system32\rdrleakdiag.exe
rdrleakdiag.exe,C:\Windows\SysWOW64\rdrleakdiag.exe
rdrleakdiag.exe,C:\windows\system32\rdrleakdiag.exe
rdrleakdiag.exe,C:\Windows\SysWOW64\rdrleakdiag.exe
rdrleakdiag.exe,C:\windows\system32\rdrleakdiag.exe
rdrleakdiag.exe,C:\Windows\SysWOW64\rdrleakdiag.exe
reg.exe,C:\Windows\System32\reg.exe
reg.exe,C:\Windows\SysWOW64\reg.exe
reg.exe,C:\Windows\System32\reg.exe
reg.exe,C:\Windows\SysWOW64\reg.exe
regasm.exe,C:\Windows\Microsoft.NET\Framework\v.*\regasm.exe
regasm.exe,C:\Windows\Microsoft.NET\Framework\v2.0.50727\regasm.exe
regasm.exe,C:\Windows\Microsoft.NET\Framework64\v2.0.50727\regasm.exe
regasm.exe,C:\Windows\Microsoft.NET\Framework\v4.0.30319\regasm.exe
regasm.exe,C:\Windows\Microsoft.NET\Framework64\v4.0.30319\regasm.exe
regasm.exe,C:\Windows\Microsoft.NET\Framework\v2.0.50727\regasm.exe
regasm.exe,C:\Windows\Microsoft.NET\Framework64\v2.0.50727\regasm.exe
regasm.exe,C:\Windows\Microsoft.NET\Framework\v4.0.30319\regasm.exe
regasm.exe,C:\Windows\Microsoft.NET\Framework64\v4.0.30319\regasm.exe
regedit.exe,C:\Windows\regedit.exe
regedit.exe,C:\Windows\regedit.exe
regini.exe,C:\Windows\System32\regini.exe
regini.exe,C:\Windows\SysWOW64\regini.exe
register-cimprovider.exe,C:\Windows\System32\Register-cimprovider.exe
register-cimprovider.exe,C:\Windows\SysWOW64\Register-cimprovider.exe
regsvcs.exe,C:\Windows\Microsoft.NET\Framework64\v2.0.50727\RegSvcs.exe
regsvcs.exe,C:\Windows\Microsoft.NET\Framework64\v4.0.30319\RegSvcs.exe
regsvcs.exe,C:\Windows\Microsoft.NET\Framework\v2.0.50727\RegSvcs.exe
regsvcs.exe,C:\Windows\Microsoft.NET\Framework\v4.0.30319\RegSvcs.exe
regsvcs.exe,C:\Windows\Microsoft.NET\Framework64\v2.0.50727\RegSvcs.exe
regsvcs.exe,C:\Windows\Microsoft.NET\Framework64\v4.0.30319\RegSvcs.exe
regsvcs.exe,C:\Windows\Microsoft.NET\Framework\v2.0.50727\RegSvcs.exe
regsvcs.exe,C:\Windows\Microsoft.NET\Framework\v4.0.30319\RegSvcs.exe
regsvr32.exe,C:\Windows\System32\regsvr32.exe
regsvr32.exe,C:\Windows\SysWOW64\regsvr32.exe
regsvr32.exe,C:\Windows\System32\regsvr32.exe
regsvr32.exe,C:\Windows\SysWOW64\regsvr32.exe
regsvr32.exe,C:\Windows\System32\regsvr32.exe
regsvr32.exe,C:\Windows\SysWOW64\regsvr32.exe
regsvr32.exe,C:\Windows\System32\regsvr32.exe
regsvr32.exe,C:\Windows\SysWOW64\regsvr32.exe
replace.exe,C:\Windows\System32\replace.exe
replace.exe,C:\Windows\SysWOW64\replace.exe
replace.exe,C:\Windows\System32\replace.exe
replace.exe,C:\Windows\SysWOW64\replace.exe
rpcping.exe,C:\Windows\System32\rpcping.exe
rpcping.exe,C:\Windows\SysWOW64\rpcping.exe
rpcping.exe,C:\Windows\System32\rpcping.exe
rpcping.exe,C:\Windows\SysWOW64\rpcping.exe
rundll32.exe,C:\Windows\System32\rundll32.exe
rundll32.exe,C:\Windows\SysWOW64\rundll32.exe
rundll32.exe,C:\Windows\System32\rundll32.exe
rundll32.exe,C:\Windows\SysWOW64\rundll32.exe
rundll32.exe,C:\Windows\System32\rundll32.exe
rundll32.exe,C:\Windows\SysWOW64\rundll32.exe
rundll32.exe,C:\Windows\System32\rundll32.exe
rundll32.exe,C:\Windows\SysWOW64\rundll32.exe
rundll32.exe,C:\Windows\System32\rundll32.exe
rundll32.exe,C:\Windows\SysWOW64\rundll32.exe
runexehelper.exe,C:\windows\system32\runexehelper.exe
runonce.exe,C:\Windows\System32\runonce.exe
runonce.exe,C:\Windows\SysWOW64\runonce.exe
runscripthelper.exe,C:\Windows\WinSxS\amd64_microsoft-windows-u..ed-telemetry-client_31bf3856ad364e35_10.0.16299.15_none_c2df1bba78111118\Runscripthelper.exe
runscripthelper.exe,C:\Windows\WinSxS\amd64_microsoft-windows-u..ed-telemetry-client_31bf3856ad364e35_10.0.16299.192_none_ad4699b571e00c4a\Runscripthelper.exe
sc.exe,C:\Windows\System32\sc.exe
sc.exe,C:\Windows\SysWOW64\sc.exe
sc.exe,C:\Windows\System32\sc.exe
sc.exe,C:\Windows\SysWOW64\sc.exe
schtasks.exe,C:\windows\system32\schtasks.exe
schtasks.exe,C:\windows\syswow64\schtasks.exe
schtasks.exe,C:\windows\system32\schtasks.exe
schtasks.exe,C:\windows\syswow64\schtasks.exe
scriptrunner.exe,C:\Windows\System32\scriptrunner.exe
scriptrunner.exe,C:\Windows\SysWOW64\scriptrunner.exe
scriptrunner.exe,C:\Windows\System32\scriptrunner.exe
scriptrunner.exe,C:\Windows\SysWOW64\scriptrunner.exe
setres.exe,C:\windows\system32\setres.exe
settingsynchost.exe,C:\Windows\System32\SettingSyncHost.exe
settingsynchost.exe,C:\Windows\SysWOW64\SettingSyncHost.exe
settingsynchost.exe,C:\Windows\System32\SettingSyncHost.exe
settingsynchost.exe,C:\Windows\SysWOW64\SettingSyncHost.exe
sftp.exe,C:\Windows\System32\OpenSSH\sftp.exe
ssh.exe,C:\windows\system32\OpenSSH\ssh.exe
ssh.exe,C:\windows\system32\OpenSSH\ssh.exe
stordiag.exe,C:\windows\system32\stordiag.exe
stordiag.exe,C:\windows\syswow64\stordiag.exe
stordiag.exe,C:\windows\system32\stordiag.exe
stordiag.exe,C:\windows\syswow64\stordiag.exe
syncappvpublishingserver.exe,C:\Windows\System32\SyncAppvPublishingServer.exe
syncappvpublishingserver.exe,C:\Windows\SysWOW64\SyncAppvPublishingServer.exe
tar.exe,C:\Windows\System32\tar.exe
tar.exe,C:\Windows\SysWOW64\tar.exe
tar.exe,C:\Windows\System32\tar.exe
tar.exe,C:\Windows\SysWOW64\tar.exe
tar.exe,C:\Windows\System32\tar.exe
tar.exe,C:\Windows\SysWOW64\tar.exe
ttdinject.exe,C:\Windows\System32\ttdinject.exe
ttdinject.exe,C:\Windows\Syswow64\ttdinject.exe
ttdinject.exe,C:\Windows\System32\ttdinject.exe
ttdinject.exe,C:\Windows\Syswow64\ttdinject.exe
tttracer.exe,C:\Windows\System32\tttracer.exe
tttracer.exe,C:\Windows\SysWOW64\tttracer.exe
tttracer.exe,C:\Windows\System32\tttracer.exe
tttracer.exe,C:\Windows\SysWOW64\tttracer.exe
unregmp2.exe,C:\Windows\System32\unregmp2.exe
unregmp2.exe,C:\Windows\SysWOW64\unregmp2.exe
vbc.exe,C:\Windows\Microsoft.NET\Framework\v4.0.30319\vbc.exe
vbc.exe,C:\Windows\Microsoft.NET\Framework\v3.5\vbc.exe
vbc.exe,C:\Windows\Microsoft.NET\Framework\v2.0.50727\vbc.exe
vbc.exe,C:\Windows\Microsoft.NET\Framework64\v4.0.30319\vbc.exe
vbc.exe,C:\Windows\Microsoft.NET\Framework64\v3.5\vbc.exe
vbc.exe,C:\Windows\Microsoft.NET\Framework64\v2.0.50727\vbc.exe
vbc.exe,C:\Windows\Microsoft.NET\Framework\v4.0.30319\vbc.exe
vbc.exe,C:\Windows\Microsoft.NET\Framework\v3.5\vbc.exe
vbc.exe,C:\Windows\Microsoft.NET\Framework\v2.0.50727\vbc.exe
vbc.exe,C:\Windows\Microsoft.NET\Framework64\v4.0.30319\vbc.exe
vbc.exe,C:\Windows\Microsoft.NET\Framework64\v3.5\vbc.exe
vbc.exe,C:\Windows\Microsoft.NET\Framework64\v2.0.50727\vbc.exe
verclsid.exe,C:\Windows\System32\verclsid.exe
verclsid.exe,C:\Windows\SysWOW64\verclsid.exe
wab.exe,C:\Program Files\Windows Mail\wab.exe
wab.exe,C:\Program Files (x86)\Windows Mail\wab.exe
wbadmin.exe,C:\Windows\System32\wbadmin.exe
wbadmin.exe,C:\Windows\System32\wbadmin.exe
wbemtest.exe,C:\windows\system32\wbem\wbemtest.exe
winget.exe,C:\Users\user\AppData\Local\Microsoft\WindowsApps\winget.exe
winget.exe,C:\Program Files\WindowsApps\Microsoft.DesktopAppInstaller_.*_x64__8wekyb3d8bbwe\winget.exe
winget.exe,C:\Users\user\AppData\Local\Microsoft\WindowsApps\winget.exe
wlrmdr.exe,C:\windows\system32\wlrmdr.exe
wmic.exe,C:\Windows\System32\wbem\wmic.exe
wmic.exe,C:\Windows\SysWOW64\wbem\wmic.exe
wmic.exe,C:\Windows\System32\wbem\wmic.exe
wmic.exe,C:\Windows\SysWOW64\wbem\wmic.exe
wmic.exe,C:\Windows\System32\wbem\wmic.exe
wmic.exe,C:\Windows\SysWOW64\wbem\wmic.exe
wmic.exe,C:\Windows\System32\wbem\wmic.exe
wmic.exe,C:\Windows\SysWOW64\wbem\wmic.exe
wmic.exe,C:\Windows\System32\wbem\wmic.exe
wmic.exe,C:\Windows\SysWOW64\wbem\wmic.exe
wmic.exe,C:\Windows\System32\wbem\wmic.exe
wmic.exe,C:\Windows\SysWOW64\wbem\wmic.exe
workfolders.exe,C:\Windows\System32\WorkFolders.exe
wscript.exe,C:\Windows\System32\wscript.exe
wscript.exe,C:\Windows\SysWOW64\wscript.exe
wscript.exe,C:\Windows\System32\wscript.exe
wscript.exe,C:\Windows\SysWOW64\wscript.exe
wsreset.exe,C:\Windows\System32\wsreset.exe
wuauclt.exe,C:\Windows\System32\wuauclt.exe
wuauclt.exe,C:\Windows\UUS\amd64\wuauclt.exe
xwizard.exe,C:\Windows\System32\xwizard.exe
xwizard.exe,C:\Windows\SysWOW64\xwizard.exe
xwizard.exe,C:\Windows\System32\xwizard.exe
xwizard.exe,C:\Windows\SysWOW64\xwizard.exe
xwizard.exe,C:\Windows\System32\xwizard.exe
xwizard.exe,C:\Windows\SysWOW64\xwizard.exe
msedge_proxy.exe,C:\Program Files (x86)\Microsoft\Edge\Application\msedge_proxy.exe
msedge_proxy.exe,C:\Program Files (x86)\Microsoft\Edge\Application\msedge_proxy.exe
msedgewebview2.exe,C:\Program Files (x86)\Microsoft\Edge\Application\114.0.1823.43\msedgewebview2.exe
msedgewebview2.exe,C:\Program Files (x86)\Microsoft\EdgeWebView\Application\131.0.2903.70\msedgewebview2.exe
msedgewebview2.exe,C:\Program Files (x86)\Microsoft\Edge\Application\114.0.1823.43\msedgewebview2.exe
msedgewebview2.exe,C:\Program Files (x86)\Microsoft\EdgeWebView\Application\131.0.2903.70\msedgewebview2.exe
msedgewebview2.exe,C:\Program Files (x86)\Microsoft\Edge\Application\114.0.1823.43\msedgewebview2.exe
msedgewebview2.exe,C:\Program Files (x86)\Microsoft\EdgeWebView\Application\131.0.2903.70\msedgewebview2.exe
msedgewebview2.exe,C:\Program Files (x86)\Microsoft\Edge\Application\114.0.1823.43\msedgewebview2.exe
msedgewebview2.exe,C:\Program Files (x86)\Microsoft\EdgeWebView\Application\131.0.2903.70\msedgewebview2.exe
msedgewebview2.exe,C:\Program Files (x86)\Microsoft\EdgeWebView\Application\.*\msedgewebview2.exe
wt.exe,C:\Program Files\WindowsApps\Microsoft.WindowsTerminal_.*\wt.exe
advpack.dll,C:\windows\system32\advpack.dll
advpack.dll,C:\windows\syswow64\advpack.dll
desk.cpl,C:\Windows\System32\desk.cpl
desk.cpl,C:\Windows\SysWOW64\desk.cpl
desk.cpl,C:\Windows\System32\desk.cpl
desk.cpl,C:\Windows\SysWOW64\desk.cpl
dfshim.dll,C:\Windows\Microsoft.NET\Framework\v2.0.50727\Dfsvc.exe
dfshim.dll,C:\Windows\Microsoft.NET\Framework64\v2.0.50727\Dfsvc.exe
dfshim.dll,C:\Windows\Microsoft.NET\Framework\v4.0.30319\Dfsvc.exe
dfshim.dll,C:\Windows\Microsoft.NET\Framework64\v4.0.30319\Dfsvc.exe
ieadvpack.dll,C:\windows\system32\ieadvpack.dll
ieadvpack.dll,C:\windows\syswow64\ieadvpack.dll
ieframe.dll,C:\windows\system32\ieframe.dll
ieframe.dll,C:\windows\syswow64\ieframe.dll
mshtml.dll,C:\windows\system32\mshtml.dll
mshtml.dll,C:\windows\syswow64\mshtml.dll
pcwutl.dll,C:\windows\system32\pcwutl.dll
pcwutl.dll,C:\windows\syswow64\pcwutl.dll
photoviewer.dll,C:\Program Files\Windows Photo Viewer\PhotoViewer.dll
photoviewer.dll,C:\Program Files (x86)\Windows Photo Viewer\PhotoViewer.dll
scrobj.dll,C:\windows\system32\scrobj.dll
scrobj.dll,C:\windows\syswow64\scrobj.dll
setupapi.dll,C:\windows\system32\setupapi.dll
setupapi.dll,C:\windows\syswow64\setupapi.dll
setupapi.dll,C:\windows\system32\setupapi.dll
setupapi.dll,C:\windows\syswow64\setupapi.dll
shdocvw.dll,C:\windows\system32\shdocvw.dll
shdocvw.dll,C:\windows\syswow64\shdocvw.dll
shell32.dll,C:\windows\system32\shell32.dll
shell32.dll,C:\windows\syswow64\shell32.dll
shell32.dll,C:\windows\system32\shell32.dll
shell32.dll,C:\windows\syswow64\shell32.dll
shell32.dll,C:\windows\system32\shell32.dll
shell32.dll,C:\windows\syswow64\shell32.dll
shell32.dll,C:\windows\system32\shell32.dll
shell32.dll,C:\windows\syswow64\shell32.dll
shimgvw.dll,C:\windows\system32\shimgvw.dll
shimgvw.dll,C:\windows\syswow64\shimgvw.dll
syssetup.dll,C:\windows\system32\syssetup.dll
syssetup.dll,C:\windows\syswow64\syssetup.dll
syssetup.dll,C:\windows\system32\syssetup.dll
syssetup.dll,C:\windows\syswow64\syssetup.dll
url.dll,C:\windows\system32\url.dll
url.dll,C:\windows\syswow64\url.dll
zipfldr.dll,C:\windows\system32\zipfldr.dll
zipfldr.dll,C:\windows\syswow64\zipfldr.dll
zipfldr.dll,C:\windows\system32\zipfldr.dll
zipfldr.dll,C:\windows\syswow64\zipfldr.dll
comsvcs.dll,C:\windows\system32\comsvcs.dll
acccheckconsole.exe,C:\Program Files (x86)\Windows Kits\10\bin\10.0.22000.0\x86\AccChecker\AccCheckConsole.exe
acccheckconsole.exe,C:\Program Files (x86)\Windows Kits\10\bin\10.0.22000.0\x64\AccChecker\AccCheckConsole.exe
acccheckconsole.exe,C:\Program Files (x86)\Windows Kits\10\bin\10.0.22000.0\arm\AccChecker\AccCheckConsole.exe
acccheckconsole.exe,C:\Program Files (x86)\Windows Kits\10\bin\10.0.22000.0\arm64\AccChecker\AccCheckConsole.exe
acccheckconsole.exe,C:\Program Files (x86)\Windows Kits\10\bin\10.0.22000.0\x86\AccChecker\AccCheckConsole.exe
acccheckconsole.exe,C:\Program Files (x86)\Windows Kits\10\bin\10.0.22000.0\x64\AccChecker\AccCheckConsole.exe
acccheckconsole.exe,C:\Program Files (x86)\Windows Kits\10\bin\10.0.22000.0\arm\AccChecker\AccCheckConsole.exe
acccheckconsole.exe,C:\Program Files (x86)\Windows Kits\10\bin\10.0.22000.0\arm64\AccChecker\AccCheckConsole.exe
adplus.exe,C:\Program Files (x86)\Windows Kits\10\Debuggers\x64\adplus.exe
adplus.exe,C:\Program Files (x86)\Windows Kits\10\Debuggers\x86\adplus.exe
agentexecutor.exe,C:\Program Files (x86)\Microsoft Intune Management Extension\AgentExecutor.exe
agentexecutor.exe,C:\Program Files (x86)\Microsoft Intune Management Extension\AgentExecutor.exe
appcert.exe,C:\Program Files (x86)\Windows Kits\10\App Certification Kit\appcert.exe
appcert.exe,C:\Program Files\Windows Kits\10\App Certification Kit\appcert.exe
appcert.exe,C:\Program Files (x86)\Windows Kits\10\App Certification Kit\appcert.exe
appcert.exe,C:\Program Files\Windows Kits\10\App Certification Kit\appcert.exe
appvlp.exe,C:\Program Files\Microsoft Office\root\client\appvlp.exe
appvlp.exe,C:\Program Files (x86)\Microsoft Office\root\client\appvlp.exe
appvlp.exe,C:\Program Files\Microsoft Office\root\client\appvlp.exe
appvlp.exe,C:\Program Files (x86)\Microsoft Office\root\client\appvlp.exe
cdb.exe,C:\Program Files (x86)\Windows Kits\10\Debuggers\x64\cdb.exe
cdb.exe,C:\Program Files (x86)\Windows Kits\10\Debuggers\x86\cdb.exe
cdb.exe,C:\Program Files (x86)\Windows Kits\10\Debuggers\x64\cdb.exe
cdb.exe,C:\Program Files (x86)\Windows Kits\10\Debuggers\x86\cdb.exe
cdb.exe,C:\Program Files (x86)\Windows Kits\10\Debuggers\x64\cdb.exe
cdb.exe,C:\Program Files (x86)\Windows Kits\10\Debuggers\x86\cdb.exe
coregen.exe,C:\Program Files\Microsoft Silverlight\5.1.50918.0\coregen.exe
coregen.exe,C:\Program Files (x86)\Microsoft Silverlight\5.1.50918.0\coregen.exe
coregen.exe,C:\Program Files\Microsoft Silverlight\5.1.50918.0\coregen.exe
coregen.exe,C:\Program Files (x86)\Microsoft Silverlight\5.1.50918.0\coregen.exe
coregen.exe,C:\Program Files\Microsoft Silverlight\5.1.50918.0\coregen.exe
coregen.exe,C:\Program Files (x86)\Microsoft Silverlight\5.1.50918.0\coregen.exe
createdump.exe,C:\Program Files\dotnet\shared\Microsoft.NETCore.App\.*\createdump.exe
createdump.exe,C:\Program Files (x86)\dotnet\shared\Microsoft.NETCore.App\.*\createdump.exe
createdump.exe,C:\Program Files\Microsoft Visual Studio\.*\Community\dotnet\runtime\shared\Microsoft.NETCore.App\6.0.0\createdump.exe
createdump.exe,C:\Program Files (x86)\Microsoft Visual Studio\.*\Community\dotnet\runtime\shared\Microsoft.NETCore.App\6.0.0\createdump.exe
csi.exe,C:\Program Files (x86)\Microsoft Visual Studio\2017\Community\MSBuild\15.0\Bin\Roslyn\csi.exe
csi.exe,C:\Program Files (x86)\Microsoft Web Tools\Packages\Microsoft.Net.Compilers.X.Y.Z\tools\csi.exe
defaultpack.exe,C:\Program Files (x86)\Microsoft\DefaultPack\DefaultPack.exe
devinit.exe,C:\Program Files\Microsoft Visual Studio\.*\Community\Common7\Tools\devinit\devinit.exe
devinit.exe,C:\Program Files (x86)\Microsoft Visual Studio\.*\Community\Common7\Tools\devinit\devinit.exe
devtoolslauncher.exe,C:\windows\system32\devtoolslauncher.exe
devtoolslauncher.exe,C:\windows\system32\devtoolslauncher.exe
dotnet.exe,C:\Program Files\dotnet\dotnet.exe
dotnet.exe,C:\Program Files\dotnet\dotnet.exe
dotnet.exe,C:\Program Files (x86)\dotnet\dotnet.exe
dotnet.exe,C:\Program Files\dotnet\dotnet.exe
dsdbutil.exe,C:\Windows\System32\dsdbutil.exe
dsdbutil.exe,C:\Windows\SysWOW64\dsdbutil.exe
dsdbutil.exe,C:\Windows\System32\dsdbutil.exe
dsdbutil.exe,C:\Windows\SysWOW64\dsdbutil.exe
dsdbutil.exe,C:\Windows\System32\dsdbutil.exe
dsdbutil.exe,C:\Windows\SysWOW64\dsdbutil.exe
dsdbutil.exe,C:\Windows\System32\dsdbutil.exe
dsdbutil.exe,C:\Windows\SysWOW64\dsdbutil.exe
dsdbutil.exe,C:\Windows\System32\dsdbutil.exe
dsdbutil.exe,C:\Windows\SysWOW64\dsdbutil.exe
dtutil.exe,C:\Program Files\Microsoft SQL Server\.*\DTS\Binn\dtutil.exe
dtutil.exe,C:\Program Files (x86)\Microsoft SQL Server\.*\DTS\Binn\dtutil.exe
dump64.exe,C:\Program Files (x86)\Microsoft Visual Studio\Installer\Feedback\dump64.exe
dumpminitool.exe,C:\Program Files\Microsoft Visual Studio\2022\Community\Common7\IDE\Extensions\TestPlatform\Extensions\DumpMinitool.exe
dxcap.exe,C:\Windows\System32\dxcap.exe
dxcap.exe,C:\Windows\SysWOW64\dxcap.exe
ecmangen.exe,C:\Program Files (x86)\Microsoft SDKs\Windows\.*\Bin\ECMangen.exe
ecmangen.exe,C:\Program Files (x86)\Microsoft SDKs\Windows\.*\Bin\x64\ECMangen.exe
ecmangen.exe,C:\Program Files\Microsoft\Exchange Server\.*\Bin\ECMangen.exe
ecmangen.exe,C:\Program Files\Microsoft\Exchange Server\Bin\ECMangen.exe
ecmangen.exe,C:\Program Files\Microsoft\Exchange Server\ClientAccess\Bin\ECMangen.exe
ecmangen.exe,C:\ExchangeServer\Bin\ECMangen.exe
excel.exe,C:\Program Files (x86)\Microsoft Office 16\ClientX86\Root\Office16\Excel.exe
excel.exe,C:\Program Files\Microsoft Office 16\ClientX64\Root\Office16\Excel.exe
excel.exe,C:\Program Files\Microsoft Office\root\Office16\excel.exe
excel.exe,C:\Program Files (x86)\Microsoft Office\root\Office16\excel.exe
excel.exe,C:\Program Files (x86)\Microsoft Office\Office16\Excel.exe
excel.exe,C:\Program Files\Microsoft Office\Office16\Excel.exe
excel.exe,C:\Program Files (x86)\Microsoft Office 15\ClientX86\Root\Office15\Excel.exe
excel.exe,C:\Program Files\Microsoft Office 15\ClientX64\Root\Office15\Excel.exe
excel.exe,C:\Program Files (x86)\Microsoft Office\Office15\Excel.exe
excel.exe,C:\Program Files\Microsoft Office\Office15\Excel.exe
excel.exe,C:\Program Files (x86)\Microsoft Office 14\ClientX86\Root\Office14\Excel.exe
excel.exe,C:\Program Files\Microsoft Office 14\ClientX64\Root\Office14\Excel.exe
excel.exe,C:\Program Files (x86)\Microsoft Office\Office14\Excel.exe
excel.exe,C:\Program Files\Microsoft Office\Office14\Excel.exe
excel.exe,C:\Program Files (x86)\Microsoft Office\Office12\Excel.exe
excel.exe,C:\Program Files\Microsoft Office\Office12\Excel.exe
excel.exe,C:\Program Files\Microsoft Office\Office12\Excel.exe
fsi.exe,C:\Program Files\dotnet\sdk\.*\FSharp\fsi.exe
fsi.exe,C:\Program Files (x86)\Microsoft Visual Studio\2019\Professional\Common7\IDE\CommonExtensions\Microsoft\FSharp\fsi.exe
fsi.exe,C:\Program Files\dotnet\sdk\.*\FSharp\fsi.exe
fsi.exe,C:\Program Files (x86)\Microsoft Visual Studio\2019\Professional\Common7\IDE\CommonExtensions\Microsoft\FSharp\fsi.exe
fsianycpu.exe,C:\Program Files (x86)\Microsoft Visual Studio\2019\Professional\Common7\IDE\CommonExtensions\Microsoft\FSharp\fsianycpu.exe
fsianycpu.exe,C:\Program Files (x86)\Microsoft Visual Studio\2019\Professional\Common7\IDE\CommonExtensions\Microsoft\FSharp\fsianycpu.exe
mftrace.exe,C:\Program Files (x86)\Windows Kits\10\bin\10.0.16299.0\x86\mftrace.exe
mftrace.exe,C:\Program Files (x86)\Windows Kits\10\bin\10.0.16299.0\x64\mftrace.exe
mftrace.exe,C:\Program Files (x86)\Windows Kits\10\bin\x86\mftrace.exe
mftrace.exe,C:\Program Files (x86)\Windows Kits\10\bin\x64\mftrace.exe
microsoft.nodejstools.pressanykey.exe,C:\Program Files\Microsoft Visual Studio\.*\Community\Common7\IDE\Extensions\Microsoft\NodeJsTools\NodeJsTools\Microsoft.NodejsTools.PressAnyKey.exe
microsoft.nodejstools.pressanykey.exe,C:\Program Files (x86)\Microsoft Visual Studio\.*\Community\Common7\IDE\Extensions\Microsoft\NodeJsTools\NodeJsTools\Microsoft.NodejsTools.PressAnyKey.exe
msaccess.exe,C:\Program Files (x86)\Microsoft Office 16\ClientX86\Root\Office16\MSAccess.exe
msaccess.exe,C:\Program Files\Microsoft Office 16\ClientX64\Root\Office16\MSAccess.exe
msaccess.exe,C:\Program Files (x86)\Microsoft Office\Office16\MSAccess.exe
msaccess.exe,C:\Program Files\Microsoft Office\Office16\MSAccess.exe
msaccess.exe,C:\Program Files (x86)\Microsoft Office 15\ClientX86\Root\Office15\MSAccess.exe
msaccess.exe,C:\Program Files\Microsoft Office 15\ClientX64\Root\Office15\MSAccess.exe
msaccess.exe,C:\Program Files (x86)\Microsoft Office\Office15\MSAccess.exe
msaccess.exe,C:\Program Files\Microsoft Office\Office15\MSAccess.exe
msaccess.exe,C:\Program Files (x86)\Microsoft Office 14\ClientX86\Root\Office14\MSAccess.exe
msaccess.exe,C:\Program Files\Microsoft Office 14\ClientX64\Root\Office14\MSAccess.exe
msaccess.exe,C:\Program Files (x86)\Microsoft Office\Office14\MSAccess.exe
msaccess.exe,C:\Program Files\Microsoft Office\Office14\MSAccess.exe
msaccess.exe,C:\Program Files (x86)\Microsoft Office\Office12\MSAccess.exe
msaccess.exe,C:\Program Files\Microsoft Office\Office12\MSAccess.exe
msdeploy.exe,C:\Program Files\IIS\Microsoft Web Deploy V2\msdeploy.exe
msdeploy.exe,C:\Program Files (x86)\IIS\Microsoft Web Deploy V2\msdeploy.exe
msdeploy.exe,C:\Program Files\IIS\Microsoft Web Deploy V3\msdeploy.exe
msdeploy.exe,C:\Program Files (x86)\IIS\Microsoft Web Deploy V3\msdeploy.exe
msdeploy.exe,C:\Program Files\IIS\Microsoft Web Deploy V4\msdeploy.exe
msdeploy.exe,C:\Program Files (x86)\IIS\Microsoft Web Deploy V4\msdeploy.exe
msdeploy.exe,C:\Program Files\IIS\Microsoft Web Deploy V5\msdeploy.exe
msdeploy.exe,C:\Program Files (x86)\IIS\Microsoft Web Deploy V5\msdeploy.exe
msdeploy.exe,C:\Program Files\IIS\Microsoft Web Deploy V2\msdeploy.exe
msdeploy.exe,C:\Program Files (x86)\IIS\Microsoft Web Deploy V2\msdeploy.exe
msdeploy.exe,C:\Program Files\IIS\Microsoft Web Deploy V3\msdeploy.exe
msdeploy.exe,C:\Program Files (x86)\IIS\Microsoft Web Deploy V3\msdeploy.exe
msdeploy.exe,C:\Program Files\IIS\Microsoft Web Deploy V4\msdeploy.exe
msdeploy.exe,C:\Program Files (x86)\IIS\Microsoft Web Deploy V4\msdeploy.exe
msdeploy.exe,C:\Program Files\IIS\Microsoft Web Deploy V5\msdeploy.exe
msdeploy.exe,C:\Program Files (x86)\IIS\Microsoft Web Deploy V5\msdeploy.exe
msdeploy.exe,C:\Program Files\IIS\Microsoft Web Deploy V2\msdeploy.exe
msdeploy.exe,C:\Program Files (x86)\IIS\Microsoft Web Deploy V2\msdeploy.exe
msdeploy.exe,C:\Program Files\IIS\Microsoft Web Deploy V3\msdeploy.exe
msdeploy.exe,C:\Program Files (x86)\IIS\Microsoft Web Deploy V3\msdeploy.exe
msdeploy.exe,C:\Program Files\IIS\Microsoft Web Deploy V4\msdeploy.exe
msdeploy.exe,C:\Program Files (x86)\IIS\Microsoft Web Deploy V4\msdeploy.exe
msdeploy.exe,C:\Program Files\IIS\Microsoft Web Deploy V5\msdeploy.exe
msdeploy.exe,C:\Program Files (x86)\IIS\Microsoft Web Deploy V5\msdeploy.exe
msohtmed.exe,C:\Program Files (x86)\Microsoft Office 16\ClientX86\Root\Office16\MSOHTMED.exe
msohtmed.exe,C:\Program Files\Microsoft Office 16\ClientX64\Root\Office16\MSOHTMED.exe
msohtmed.exe,C:\Program Files (x86)\Microsoft Office\Office16\MSOHTMED.exe
msohtmed.exe,C:\Program Files\Microsoft Office\Office16\MSOHTMED.exe
msohtmed.exe,C:\Program Files (x86)\Microsoft Office 15\ClientX86\Root\Office15\MSOHTMED.exe
msohtmed.exe,C:\Program Files\Microsoft Office 15\ClientX64\Root\Office15\MSOHTMED.exe
msohtmed.exe,C:\Program Files (x86)\Microsoft Office\Office15\MSOHTMED.exe
msohtmed.exe,C:\Program Files\Microsoft Office\Office15\MSOHTMED.exe
msohtmed.exe,C:\Program Files (x86)\Microsoft Office 14\ClientX86\Root\Office14\MSOHTMED.exe
msohtmed.exe,C:\Program Files\Microsoft Office 14\ClientX64\Root\Office14\MSOHTMED.exe
msohtmed.exe,C:\Program Files (x86)\Microsoft Office\Office14\MSOHTMED.exe
msohtmed.exe,C:\Program Files\Microsoft Office\Office14\MSOHTMED.exe
msohtmed.exe,C:\Program Files (x86)\Microsoft Office\Office12\MSOHTMED.exe
msohtmed.exe,C:\Program Files\Microsoft Office\Office12\MSOHTMED.exe
mspub.exe,C:\Program Files (x86)\Microsoft Office 16\ClientX86\Root\Office16\MSPUB.exe
mspub.exe,C:\Program Files\Microsoft Office 16\ClientX64\Root\Office16\MSPUB.exe
mspub.exe,C:\Program Files (x86)\Microsoft Office\Office16\MSPUB.exe
mspub.exe,C:\Program Files\Microsoft Office\Office16\MSPUB.exe
mspub.exe,C:\Program Files (x86)\Microsoft Office 15\ClientX86\Root\Office15\MSPUB.exe
mspub.exe,C:\Program Files\Microsoft Office 15\ClientX64\Root\Office15\MSPUB.exe
mspub.exe,C:\Program Files (x86)\Microsoft Office\Office15\MSPUB.exe
mspub.exe,C:\Program Files\Microsoft Office\Office15\MSPUB.exe
mspub.exe,C:\Program Files (x86)\Microsoft Office 14\ClientX86\Root\Office14\MSPUB.exe
mspub.exe,C:\Program Files\Microsoft Office 14\ClientX64\Root\Office14\MSPUB.exe
mspub.exe,C:\Program Files (x86)\Microsoft Office\Office14\MSPUB.exe
mspub.exe,C:\Program Files\Microsoft Office\Office14\MSPUB.exe
ntdsutil.exe,C:\Windows\System32\ntdsutil.exe
openconsole.exe,C:\Program Files (x86)\Microsoft Visual Studio\2019\Community\Common7\IDE\CommonExtensions\Microsoft\Terminal\ServiceHub\os64\OpenConsole.exe
openconsole.exe,C:\Program Files (x86)\Microsoft Visual Studio\2019\Community\Common7\IDE\CommonExtensions\Microsoft\Terminal\ServiceHub\os86\OpenConsole.exe
openconsole.exe,C:\Program Files\Microsoft Visual Studio\2022\Community\Common7\IDE\CommonExtensions\Microsoft\Terminal\ServiceHub\os64\OpenConsole.exe
openconsole.exe,C:\Program Files\WindowsApps\Microsoft.WindowsTerminal_.*_x64__8wekyb3d8bbwe\OpenConsole.exe
powerpnt.exe,C:\Program Files (x86)\Microsoft Office 16\ClientX86\Root\Office16\Powerpnt.exe
powerpnt.exe,C:\Program Files\Microsoft Office 16\ClientX64\Root\Office16\Powerpnt.exe
powerpnt.exe,C:\Program Files (x86)\Microsoft Office\Office16\Powerpnt.exe
powerpnt.exe,C:\Program Files\Microsoft Office\Office16\Powerpnt.exe
powerpnt.exe,C:\Program Files (x86)\Microsoft Office 15\ClientX86\Root\Office15\Powerpnt.exe
powerpnt.exe,C:\Program Files\Microsoft Office 15\ClientX64\Root\Office15\Powerpnt.exe
powerpnt.exe,C:\Program Files (x86)\Microsoft Office\Office15\Powerpnt.exe
powerpnt.exe,C:\Program Files\Microsoft Office\Office15\Powerpnt.exe
powerpnt.exe,C:\Program Files (x86)\Microsoft Office 14\ClientX86\Root\Office14\Powerpnt.exe
powerpnt.exe,C:\Program Files\Microsoft Office 14\ClientX64\Root\Office14\Powerpnt.exe
powerpnt.exe,C:\Program Files (x86)\Microsoft Office\Office14\Powerpnt.exe
powerpnt.exe,C:\Program Files\Microsoft Office\Office14\Powerpnt.exe
powerpnt.exe,C:\Program Files (x86)\Microsoft Office\Office12\Powerpnt.exe
powerpnt.exe,C:\Program Files\Microsoft Office\Office12\Powerpnt.exe
powerpnt.exe,C:\Program Files\Microsoft Office\Office12\Powerpnt.exe
protocolhandler.exe,C:\Program Files (x86)\Microsoft Office 16\ClientX86\Root\Office16\ProtocolHandler.exe
protocolhandler.exe,C:\Program Files\Microsoft Office 16\ClientX64\Root\Office16\ProtocolHandler.exe
protocolhandler.exe,C:\Program Files (x86)\Microsoft Office\Office16\ProtocolHandler.exe
protocolhandler.exe,C:\Program Files\Microsoft Office\Office16\ProtocolHandler.exe
protocolhandler.exe,C:\Program Files (x86)\Microsoft Office 15\ClientX86\Root\Office15\ProtocolHandler.exe
protocolhandler.exe,C:\Program Files\Microsoft Office 15\ClientX64\Root\Office15\ProtocolHandler.exe
protocolhandler.exe,C:\Program Files (x86)\Microsoft Office\Office15\ProtocolHandler.exe
protocolhandler.exe,C:\Program Files\Microsoft Office\Office15\ProtocolHandler.exe
remote.exe,C:\Program Files (x86)\Windows Kits\10\Debuggers\x64\remote.exe
remote.exe,C:\Program Files (x86)\Windows Kits\10\Debuggers\x86\remote.exe
remote.exe,C:\Program Files (x86)\Windows Kits\10\Debuggers\x64\remote.exe
remote.exe,C:\Program Files (x86)\Windows Kits\10\Debuggers\x86\remote.exe
remote.exe,C:\Program Files (x86)\Windows Kits\10\Debuggers\x64\remote.exe
remote.exe,C:\Program Files (x86)\Windows Kits\10\Debuggers\x86\remote.exe
sqldumper.exe,C:\Program Files\Microsoft SQL Server\.*\Shared\SQLDumper.exe
sqldumper.exe,C:\Program Files (x86)\Microsoft Office\root\vfs\ProgramFilesX86\Microsoft Analysis\AS OLEDB\140\SQLDumper.exe
sqldumper.exe,C:\Program Files\Microsoft Power BI Desktop\bin\SqlDumper.exe
sqldumper.exe,C:\Program Files\Microsoft SQL Server\90\Shared\SQLDumper.exe
sqldumper.exe,C:\Program Files (x86)\Microsoft Office\root\vfs\ProgramFilesX86\Microsoft Analysis\AS OLEDB\140\SQLDumper.exe
sqldumper.exe,C:\Program Files\Microsoft Power BI Desktop\bin\SqlDumper.exe
sqlps.exe,C:\Program files (x86)\Microsoft SQL Server\100\Tools\Binn\sqlps.exe
sqlps.exe,C:\Program files (x86)\Microsoft SQL Server\110\Tools\Binn\sqlps.exe
sqlps.exe,C:\Program files (x86)\Microsoft SQL Server\120\Tools\Binn\sqlps.exe
sqlps.exe,C:\Program files (x86)\Microsoft SQL Server\130\Tools\Binn\sqlps.exe
sqlps.exe,C:\Program Files (x86)\Microsoft SQL Server\150\Tools\Binn\SQLPS.exe
sqltoolsps.exe,C:\Program files (x86)\Microsoft SQL Server\130\Tools\Binn\sqlps.exe
teams.exe,C:\Users\.*\AppData\Local\Microsoft\Teams\current\Teams.exe
teams.exe,C:\Users\.*\AppData\Local\Microsoft\Teams\current\Teams.exe
teams.exe,C:\Users\.*\AppData\Local\Microsoft\Teams\current\Teams.exe
testwindowremoteagent.exe,C:\Program Files\Microsoft Visual Studio\2022\Community\Common7\IDE\CommonExtensions\Microsoft\TestWindow\RemoteAgent\TestWindowRemoteAgent.exe
vsdiagnostics.exe,C:\Program Files\Microsoft Visual Studio\2022\Community\Team Tools\DiagnosticsHub\Collector\VSDiagnostics.exe
vsdiagnostics.exe,C:\Program Files\Microsoft Visual Studio\2022\Community\Team Tools\DiagnosticsHub\Collector\VSDiagnostics.exe
vsiisexelauncher.exe,C:\Program Files (x86)\Microsoft Visual Studio\2019\Community\Common7\IDE\Extensions\Microsoft\Web Tools\ProjectSystem\VSIISExeLauncher.exe
visio.exe,C:\Program Files (x86)\Microsoft Office\Office14\Visio.exe
visio.exe,C:\Program Files\Microsoft Office\Office14\Visio.exe
visio.exe,C:\Program Files (x86)\Microsoft Office\Office15\Visio.exe
visio.exe,C:\Program Files\Microsoft Office\Office15\Visio.exe
visio.exe,C:\Program Files (x86)\Microsoft Office\Office16\Visio.exe
visio.exe,C:\Program Files\Microsoft Office\Office16\Visio.exe
visio.exe,C:\Program Files (x86)\Microsoft Office\root\Office14\Visio.exe
visio.exe,C:\Program Files\Microsoft Office\root\Office14\Visio.exe
visio.exe,C:\Program Files (x86)\Microsoft Office\root\Office15\Visio.exe
visio.exe,C:\Program Files\Microsoft Office\root\Office15\Visio.exe
visio.exe,C:\Program Files (x86)\Microsoft Office\root\Office16\Visio.exe
visio.exe,C:\Program Files\Microsoft Office\root\Office16\Visio.exe
visualuiaverifynative.exe,C:\Program Files (x86)\Windows Kits\10\bin\.*\arm64\UIAVerify\VisualUiaVerifyNative.exe
visualuiaverifynative.exe,C:\Program Files (x86)\Windows Kits\10\bin\.*\x64\UIAVerify\VisualUiaVerifyNative.exe
visualuiaverifynative.exe,C:\Program Files (x86)\Windows Kits\10\bin\.*\UIAVerify\VisualUiaVerifyNative.exe
vslaunchbrowser.exe,C:\Program Files\Microsoft Visual Studio\.*\Community\Common7\IDE\VSLaunchBrowser.exe
vslaunchbrowser.exe,C:\Program Files (x86)\Microsoft Visual Studio\.*\Community\Common7\IDE\VSLaunchBrowser.exe
vslaunchbrowser.exe,C:\Program Files\Microsoft Visual Studio\.*\Community\Common7\IDE\VSLaunchBrowser.exe
vslaunchbrowser.exe,C:\Program Files (x86)\Microsoft Visual Studio\.*\Community\Common7\IDE\VSLaunchBrowser.exe
vslaunchbrowser.exe,C:\Program Files\Microsoft Visual Studio\.*\Community\Common7\IDE\VSLaunchBrowser.exe
vslaunchbrowser.exe,C:\Program Files (x86)\Microsoft Visual Studio\.*\Community\Common7\IDE\VSLaunchBrowser.exe
vshadow.exe,C:\Program Files (x86)\Windows Kits\10\bin\.*\x64\vshadow.exe
vsjitdebugger.exe,C:\windows\system32\vsjitdebugger.exe
wfmformat.exe,C:\there\is\no\default\installation\path\WFMFormat.exe
wfc.exe,C:\Program Files (x86)\Microsoft SDKs\Windows\v10.0A\bin\NETFX 4.8 Tools\wfc.exe
winproj.exe,C:\Program Files (x86)\Microsoft Office\Office14\WinProj.exe
winproj.exe,C:\Program Files\Microsoft Office\Office14\WinProj.exe
winproj.exe,C:\Program Files (x86)\Microsoft Office\Office15\WinProj.exe
winproj.exe,C:\Program Files\Microsoft Office\Office15\WinProj.exe
winproj.exe,C:\Program Files (x86)\Microsoft Office\Office16\WinProj.exe
winproj.exe,C:\Program Files\Microsoft Office\Office16\WinProj.exe
winproj.exe,C:\Program Files (x86)\Microsoft Office\root\Office14\WinProj.exe
winproj.exe,C:\Program Files\Microsoft Office\root\Office14\WinProj.exe
winproj.exe,C:\Program Files (x86)\Microsoft Office\root\Office15\WinProj.exe
winproj.exe,C:\Program Files\Microsoft Office\root\Office15\WinProj.exe
winproj.exe,C:\Program Files (x86)\Microsoft Office\root\Office16\WinProj.exe
winproj.exe,C:\Program Files\Microsoft Office\root\Office16\WinProj.exe
winword.exe,C:\Program Files\Microsoft Office\root\Office16\winword.exe
winword.exe,C:\Program Files (x86)\Microsoft Office 16\ClientX86\Root\Office16\winword.exe
winword.exe,C:\Program Files\Microsoft Office 16\ClientX64\Root\Office16\winword.exe
winword.exe,C:\Program Files (x86)\Microsoft Office\root\Office16\winword.exe
winword.exe,C:\Program Files (x86)\Microsoft Office\Office16\winword.exe
winword.exe,C:\Program Files\Microsoft Office\Office16\winword.exe
winword.exe,C:\Program Files (x86)\Microsoft Office 15\ClientX86\Root\Office15\winword.exe
winword.exe,C:\Program Files\Microsoft Office 15\ClientX64\Root\Office15\winword.exe
winword.exe,C:\Program Files (x86)\Microsoft Office\Office15\winword.exe
winword.exe,C:\Program Files\Microsoft Office\Office15\winword.exe
winword.exe,C:\Program Files (x86)\Microsoft Office 14\ClientX86\Root\Office14\winword.exe
winword.exe,C:\Program Files\Microsoft Office 14\ClientX64\Root\Office14\winword.exe
winword.exe,C:\Program Files (x86)\Microsoft Office\Office14\winword.exe
winword.exe,C:\Program Files\Microsoft Office\Office14\winword.exe
winword.exe,C:\Program Files (x86)\Microsoft Office\Office12\winword.exe
winword.exe,C:\Program Files\Microsoft Office\Office12\winword.exe
winword.exe,C:\Program Files\Microsoft Office\Office12\winword.exe
wsl.exe,C:\Windows\System32\wsl.exe
wsl.exe,C:\Windows\System32\wsl.exe
wsl.exe,C:\Windows\System32\wsl.exe
wsl.exe,C:\Windows\System32\wsl.exe
xbootmgrsleep.exe,C:\Program Files\Windows Kits\10\Windows Performance Toolkit\xbootmgrsleep.exe
xbootmgrsleep.exe,C:\Program Files (x86)\Windows Kits\10\Windows Performance Toolkit\xbootmgrsleep.exe
devtunnel.exe,C:\Users\.*\AppData\Local\Temp\.net\devtunnel\devtunnel.exe
devtunnel.exe,C:\Users\.*\AppData\Local\Temp\DevTunnels\devtunnel.exe
vsls-agent.exe,C:\Program Files (x86)\Microsoft Visual Studio\2019\Professional\Common7\IDE\Extensions\Microsoft\LiveShare\Agent\vsls-agent.exe
vstest.console.exe,C:\Program Files\Microsoft Visual Studio\2022\Community\Common7\IDE\CommonExtensions\Microsoft\TestWindow\vstest.console.exe
vstest.console.exe,C:\Program Files (x86)\Microsoft Visual Studio\2022\TestAgent\Common7\IDE\CommonExtensions\Microsoft\TestWindow\vstest.console.exe
winfile.exe,C:\Windows\System32\winfile.exe
winfile.exe,C:\Windows\winfile.exe
winfile.exe,C:\Program Files\WinFile\winfile.exe
winfile.exe,C:\Program Files (x86)\WinFile\winfile.exe
winfile.exe,C:\Program Files\WindowsApps\Microsoft.WindowsFileManager_10.3.0.0_x64__8wekyb3d8bbwe\WinFile\winfile.exe
xsd.exe,C:\Program Files (x86)\Microsoft SDKs\Windows\.*\bin\NETFX .* Tools\xsd.exe
cl_loadassembly.ps1,C:\Windows\diagnostics\system\Audio\CL_LoadAssembly.ps1
cl_mutexverifiers.ps1,C:\Windows\diagnostics\system\WindowsUpdate\CL_Mutexverifiers.ps1
cl_mutexverifiers.ps1,C:\Windows\diagnostics\system\Audio\CL_Mutexverifiers.ps1
cl_mutexverifiers.ps1,C:\Windows\diagnostics\system\WindowsUpdate\CL_Mutexverifiers.ps1
cl_mutexverifiers.ps1,C:\Windows\diagnostics\system\Video\CL_Mutexverifiers.ps1
cl_mutexverifiers.ps1,C:\Windows\diagnostics\system\Speech\CL_Mutexverifiers.ps1
cl_invocation.ps1,C:\Windows\diagnostics\system\AERO\CL_Invocation.ps1
cl_invocation.ps1,C:\Windows\diagnostics\system\Audio\CL_Invocation.ps1
cl_invocation.ps1,C:\Windows\diagnostics\system\WindowsUpdate\CL_Invocation.ps1
launch-vsdevshell.ps1,C:\Program Files (x86)\Microsoft Visual Studio\2019\Community\Common7\Tools\Launch-VsDevShell.ps1
launch-vsdevshell.ps1,C:\Program Files\Microsoft Visual Studio\2022\Community\Common7\Tools\Launch-VsDevShell.ps1
launch-vsdevshell.ps1,C:\Program Files (x86)\Microsoft Visual Studio\2019\Community\Common7\Tools\Launch-VsDevShell.ps1
launch-vsdevshell.ps1,C:\Program Files\Microsoft Visual Studio\2022\Community\Common7\Tools\Launch-VsDevShell.ps1
manage-bde.wsf,C:\Windows\System32\manage-bde.wsf
manage-bde.wsf,C:\Windows\System32\manage-bde.wsf
pubprn.vbs,C:\Windows\System32\Printing_Admin_Scripts\en-US\pubprn.vbs
pubprn.vbs,C:\Windows\SysWOW64\Printing_Admin_Scripts\en-US\pubprn.vbs
syncappvpublishingserver.vbs,C:\Windows\System32\SyncAppvPublishingServer.vbs
utilityfunctions.ps1,C:\Windows\diagnostics\system\Networking\UtilityFunctions.ps1
winrm.vbs,C:\Windows\System32\winrm.vbs
winrm.vbs,C:\Windows\SysWOW64\winrm.vbs
pester.bat,C:\Program Files\WindowsPowerShell\Modules\Pester\.*\bin\Pester.bat
